CSC493H5,CSC290H5
CSC492H5,CSC290H5
CSC490H5,CSC290H5
CSC488H5,CSC209H5
CSC477H5,CSC209H5
CSC477H5,CSC338H5
CSC477H5,CSC373H5
CSC477H5,MAT244H5
CSC477H5,STA256H5
CSC469H5,CSC290H5
CSC469H5,CSC369H5
CSC458H5,CSC209H5
CSC458H5,CSC258H5
CSC458H5,CSC263H5
CSC458H5,CSC290H5
CSC448H5,CSC236H5
CSC448H5,CSC290H5
CSC448H5,CSC363H5
CSC428H5,CSC318H5
CSC428H5,STA256H5
CSC428H5,CSC207H5
CSC427H5,CSC290H5
CSC427H5,CSC347H5
CSC427H5,CSC369H5
CSC423H5,CSC369H5
CSC423H5,CSC333H5
CSC422H5,CSC290H5
CSC422H5,CSC363H5
CSC420H5,CSC263H5
CSC420H5,CSC338H5
CSC411H5,CSC207H5
CSC411H5,CSC290H5
CSC411H5,STA256H5
CSC411H5,MAT223H5
CSC411H5,MAT136H5 
CSC409H5,CSC309H5
CSC409H5,CSC369H5
CSC409H5,CSC373H5
CSC404H5,CSC290H5
CSC404H5,CSC301H5
CSC404H5,CSC318H5
CSC384H5,CSC290H5
CSC384H5,CSC324H5
CSC384H5,STA256H5
CSC376H5,CSC209H5
CSC376H5,CSC258H5
CSC376H5,CSC338H5
CSC375H5,CSC209H5
CSC375H5,CSC258H5
CSC373H5,CSC263H5
CSC373H5,CSC290H5
CSC369H5,CSC258H5
CSC369H5,CSC209H5
CSC369H5,CSC290H5
CSC367H5,CSC209H5
CSC367H5,CSC258H5
CSC367H5,CSC290H5
CSC363H5,CSC290H5
CSC363H5,CSC236H5
CSC358H5,CSC209H5
CSC358H5,CSC258H5
CSC358H5,CSC263H5
CSC358H5,CSC290H5
CSC347H5,CSC209H5
CSC347H5,CSC236H5
CSC347H5,CSC290H5
CSC343H5,CSC263H5
CSC343H5,CSC290H5
CSC338H5,CSC148H5
CSC338H5,CSC290H5
CSC338H5,MAT136H5 
CSC338H5,MAT223H5
CSC338H5,CSC263H5
CSC333H5,CSC209H5
CSC333H5,CSC290H5
CSC324H5,CSC207H5
CSC324H5,CSC236H5
CSC324H5,CSC290H5
CSC322H5,MAT224H5
CSC322H5,MAT301H5
CSC321H5,CSC148H5
CSC321H5,CSC290H5
CSC321H5,MAT136H5 
CSC321H5,STA256H5
CSC320H5,CSC207H5
CSC320H5,CSC290H5
CSC320H5,MAT223H5
CSC310H5,CSC148H5
CSC310H5,CSC290H5
CSC310H5,STA256H5
CSC310H5,MAT223H5
CSC309H5,CSC209H5
CSC309H5,CSC290H5
CSC301H5,CSC209H5
CSC301H5,CSC290H5
CSC290H5,CSC148H5
CSC263H5,CSC207H5
CSC263H5,CSC236H5
CSC263H5,STA256H5
CSC258H5,CSC148H5
CSC258H5,MAT102H5
CSC236H5,CSC148H5
CSC236H5,MAT102H5
CSC209H5,CSC207H5
CSC207H5,CSC148H5
CSC148H5,CSC108H5
MAT492H5,MAT392H5
MAT406H5,MAT102H5
MAT406H5,MAT223H5
MAT406H5,STA256H5
MAT405H5,MAT102H5
MAT405H5,MAT224H5
MAT405H5,MAT232H5
MAT402H5,MAT102H5
MAT402H5,MAT232H5
MAT402H5,MAT224H5
MAT401H5,MAT102H5
MAT401H5,MAT224H5
MAT401H5,MAT232H5
MAT401H5,MAT301H5
MAT382H5,MAT136H5 
MAT382H5,MAT102H5
MAT382H5,MAT223H5
MAT354H5,MAT137H5
MAT354H5,MAT202H5
MAT354H5,MAT232H5
MAT344H5,MAT102H5
MAT344H5,MAT223H5
MAT337H5,MAT102H5
MAT337H5,MAT224H5
MAT337H5,MAT212H5
MAT337H5,MAT232H5
MAT334H5,MAT102H5
MAT334H5,MAT232H5
MAT334H5,MAT202H5
MAT332H5,MAT232H5
MAT332H5,MAT223H5
MAT332H5,MAT212H5
MAT315H5,MAT102H5
MAT315H5,MAT136H5 
MAT315H5,MAT224H5
MAT315H5,MAT301H5
MAT311H5,MAT102H5
MAT311H5,MAT232H5
MAT311H5,MAT212H5
MAT309H5,MAT102H5
MAT309H5,MAT136H5 
MAT309H5,MAT224H5
MAT302H5,MAT224H5
MAT302H5,MAT301H5
MAT301H5,MAT102H5
MAT301H5,MAT202H5
MAT257Y5,MAT157H5
MAT257Y5,MAT240H5
MAT247H5,MAT240H5
MAT244H5,MAT233H5
MAT244H5,MAT232H5
MAT240H5,MAT102H5
MAT236H5,MAT102H5
MAT236H5,MAT223H5
MAT236H5,MAT232H5
MAT233H5,MAT136H5 
MAT232H5,MAT136H5 
MAT224H5,MAT102H5
MAT224H5,MAT223H5
MAT212H5,MAT233H5
MAT202H5,MAT102H5
MAT202H5,MAT136H5 
MAT136H5,MAT135H5
STA457H5,STA302H5
STA441H5,STA302H5
STA437H5,STA302H5
STA431H5,STA302H5
STA413H5,STA260H5
STA390H5,STA256H5
STA390H5,MAT136H5 
STA348H5,STA260H5
STA348H5,MAT224H5
STA315H5,STA314H5
STA314H5,MAT223H5
STA314H5,STA258H5
STA314H5,STA260H5
STA311H5,MAT136H5 
STA311H5,STA310H5
STA310H5,STA215H5
STA310H5,STA220H5
STA305H5,STA302H5
STA304H5,STA107H5
STA304H5,STA256H5
STA302H5,STA260H5
STA302H5,MAT223H5
STA260H5,STA256H5
STA258H5,STA256H5
STA256H5,MAT136H5 
STA221H5,STA215H5
STA219H5,MAT136H5 
